{
  "results": {
    "task1_security_basic": {
      "score": 0.8166666666666667,
      "passed": false,
      "precision": 0.5,
      "recall": 1.0,
      "severity_alignment": 0.8333333333333334,
      "true_positives": 3,
      "false_positives": 3,
      "false_negatives": 0
    },
    "task2_quality_logic": {
      "score": 0.6410714285714285,
      "passed": false,
      "precision": 0.5714285714285714,
      "recall": 0.5714285714285714,
      "severity_alignment": 0.75,
      "true_positives": 4,
      "false_positives": 3,
      "false_negatives": 3
    },
    "task3_advanced_review": {
      "score": 0.38333333333333336,
      "passed": false,
      "precision": 0.3333333333333333,
      "recall": 0.2857142857142857,
      "severity_alignment": 0.5,
      "true_positives": 2,
      "false_positives": 4,
      "false_negatives": 5
    }
  },
  "average_score": 0.6136904761904761,
  "model": "openai/gpt-oss-120b"
}