{
  "generated_at": "2026-03-29T19:34:39.089082+00:00",
  "config": {
    "trials": 1,
    "provider": "groq",
    "model": "llama-3.3-70b-versatile",
    "temperature": 0.0,
    "base_seed": 42,
    "task_ids": [
      "task1_security_basic",
      "task2_quality_logic",
      "task3_advanced_review"
    ]
  },
  "overall": {
    "mean": 0.7623015873015874,
    "std": 0.0,
    "ci95_low": 0.7623015873015874,
    "ci95_high": 0.7623015873015874
  },
  "per_task": {
    "task1_security_basic": {
      "mean": 0.7833333333333333,
      "std": 0.0,
      "ci95_low": 0.7833333333333333,
      "ci95_high": 0.7833333333333333
    },
    "task2_quality_logic": {
      "mean": 0.7585714285714286,
      "std": 0.0,
      "ci95_low": 0.7585714285714286,
      "ci95_high": 0.7585714285714286
    },
    "task3_advanced_review": {
      "mean": 0.7450000000000001,
      "std": 0.0,
      "ci95_low": 0.7450000000000001,
      "ci95_high": 0.7450000000000001
    }
  },
  "mean_ordering_desc": [
    "task1_security_basic",
    "task2_quality_logic",
    "task3_advanced_review"
  ]
}