{
  "generated_at": "2026-03-30T11:32:03.939797+00:00",
  "config": {
    "trials": 3,
    "provider": "groq",
    "model": "llama-3.3-70b-versatile",
    "temperature": 0.0,
    "base_seed": 42,
    "task_ids": [
      "task1_security_basic",
      "task2_quality_logic",
      "task3_advanced_review",
      "task4_session_auth_medium",
      "task5_async_pipeline_hard",
      "task6_data_export_hard"
    ]
  },
  "overall": {
    "mean": 0.7371600529100529,
    "std": 0.01839788273293305,
    "ci95_low": 0.7163408887152319,
    "ci95_high": 0.7579792171048739
  },
  "per_task": {
    "task1_security_basic": {
      "mean": 0.9500000000000001,
      "std": 0.0,
      "ci95_low": 0.9500000000000001,
      "ci95_high": 0.9500000000000001
    },
    "task2_quality_logic": {
      "mean": 0.7833333333333333,
      "std": 0.01371206889325364,
      "ci95_low": 0.7678166666666666,
      "ci95_high": 0.7988500000000001
    },
    "task3_advanced_review": {
      "mean": 0.5338333333333334,
      "std": 0.10709847493467564,
      "ci95_low": 0.41264,
      "ci95_high": 0.6550266666666668
    },
    "task4_session_auth_medium": {
      "mean": 0.7733333333333333,
      "std": 0.0,
      "ci95_low": 0.7733333333333333,
      "ci95_high": 0.7733333333333333
    },
    "task5_async_pipeline_hard": {
      "mean": 0.6553571428571429,
      "std": 0.09306075052341801,
      "ci95_low": 0.5500489901004022,
      "ci95_high": 0.7606652956138835
    },
    "task6_data_export_hard": {
      "mean": 0.7271031746031746,
      "std": 0.013952631505415893,
      "ci95_low": 0.7113142857142858,
      "ci95_high": 0.7428920634920635
    }
  },
  "grouped_means": {
    "easy": {
      "mean": 0.9500000000000001,
      "std": 0.0,
      "ci95_low": 0.9500000000000001,
      "ci95_high": 0.9500000000000001
    },
    "medium": {
      "mean": 0.7783333333333333,
      "std": 0.01025711135424266,
      "ci95_low": 0.7701259349094179,
      "ci95_high": 0.7865407317572487
    },
    "hard": {
      "mean": 0.6387645502645503,
      "std": 0.11063390415658848,
      "ci95_low": 0.5664837328822457,
      "ci95_high": 0.7110453676468548
    }
  },
  "mean_ordering_desc": [
    "task1_security_basic",
    "task2_quality_logic",
    "task4_session_auth_medium",
    "task6_data_export_hard",
    "task5_async_pipeline_hard",
    "task3_advanced_review"
  ]
}