{
  "generated_at": "2026-03-29T19:35:35.843557+00:00",
  "config": {
    "trials": 1,
    "provider": "groq",
    "model": "openai/gpt-oss-120b",
    "temperature": 0.0,
    "base_seed": 42,
    "task_ids": [
      "task1_security_basic",
      "task2_quality_logic",
      "task3_advanced_review"
    ]
  },
  "overall": {
    "mean": 0.6419047619047619,
    "std": 0.0,
    "ci95_low": 0.6419047619047619,
    "ci95_high": 0.6419047619047619
  },
  "per_task": {
    "task1_security_basic": {
      "mean": 0.8583333333333333,
      "std": 0.0,
      "ci95_low": 0.8583333333333333,
      "ci95_high": 0.8583333333333333
    },
    "task2_quality_logic": {
      "mean": 0.7673809523809524,
      "std": 0.0,
      "ci95_low": 0.7673809523809524,
      "ci95_high": 0.7673809523809524
    },
    "task3_advanced_review": {
      "mean": 0.3,
      "std": 0.0,
      "ci95_low": 0.3,
      "ci95_high": 0.3
    }
  },
  "mean_ordering_desc": [
    "task1_security_basic",
    "task2_quality_logic",
    "task3_advanced_review"
  ]
}